file,group,period,genre,omens,excluded
BM.121034.txt,corpus,Middle Period,astrological omens,51,False
Emar.651.txt,corpus,Middle Period,astrological omens,36,False
Emar.652.txt,corpus,Middle Period,astrological omens,3,False
Emar.653.txt,corpus,Middle Period,astrological omens,13,False
KBo.13.27.txt,corpus,Middle Period,astrological omens,10,False
KUB.4.64.txt,corpus,Middle Period,astrological omens,30,False
MS.3119.txt,corpus,Middle Period,astrological omens,16,False
CBS.12580.txt,corpus,Middle Period,diagnostic omens,9,False
CBS.3424.txt,corpus,Middle Period,diagnostic omens,11,False
Emar.694.txt,corpus,Middle Period,diagnostic omens,23,False
Emar.695.txt,corpus,Middle Period,diagnostic omens,13,False
IM.57947.txt,corpus,Middle Period,diagnostic omens,38,False
MDP57.txt,corpus,Middle Period,diagnostic omens,18,False
Ni.470.txt,corpus,Middle Period,diagnostic omens,11,False
StBoT36.A.txt,corpus,Middle Period,diagnostic omens,35,False
StBoT36.B.txt,corpus,Middle Period,diagnostic omens,21,False
StBoT36.C.txt,corpus,Middle Period,diagnostic omens,16,False
VAT.10235.txt,corpus,Middle Period,diagnostic omens,12,False
VAT.10748.txt,corpus,Middle Period,diagnostic omens,9,False
VAT.11122.txt,corpus,Middle Period,diagnostic omens,9,False
A.442.txt,corpus,Middle Period,extispicy omens,30,False
A.443.txt,corpus,Middle Period,extispicy omens,19,False
AO.7264.txt,corpus,Middle Period,extispicy omens,38,False
Ass.2001.D-1823.txt,corpus,Middle Period,extispicy omens,17,False
CUSAS-18.23.txt,corpus,Middle Period,extispicy omens,54,False
CUSAS-18.24.txt,corpus,Middle Period,extispicy omens,36,False
CUSAS-18.25.txt,corpus,Middle Period,extispicy omens,34,False
CUSAS-18.26.txt,corpus,Middle Period,extispicy omens,38,False
CUSAS-18.28.txt,corpus,Middle Period,extispicy omens,38,False
CUSAS-18.31.txt,corpus,Middle Period,extispicy omens,72,False
CUSAS-18.33.txt,corpus,Middle Period,extispicy omens,29,False
Emar.669.txt,corpus,Middle Period,extispicy omens,40,False
Emar.670.txt,corpus,Middle Period,extispicy omens,34,False
HS.1951.txt,corpus,Middle Period,extispicy omens,8,False
K.205.txt,corpus,Middle Period,extispicy omens,88,False
VAT.10125.txt,corpus,Middle Period,extispicy omens,114,False
VAT.10142.txt,corpus,Middle Period,extispicy omens,38,False
VAT.10159.txt,corpus,Middle Period,extispicy omens,54,False
VAT.10206.txt,corpus,Middle Period,extispicy omens,20,False
VAT.10331.txt,corpus,Middle Period,extispicy omens,11,False
VAT.10418.txt,corpus,Middle Period,extispicy omens,50,False
VAT.10424.txt,corpus,Middle Period,extispicy omens,33,False
VAT.10536.txt,corpus,Middle Period,extispicy omens,38,False
VAT.10711.txt,corpus,Middle Period,extispicy omens,13,False
VAT.10740.txt,corpus,Middle Period,extispicy omens,12,False
VAT.10788.txt,corpus,Middle Period,extispicy omens,40,False
VAT.10869.txt,corpus,Middle Period,extispicy omens,10,False
VAT.10914.txt,corpus,Middle Period,extispicy omens,17,False
VAT.11034.txt,corpus,Middle Period,extispicy omens,8,False
VAT.11331.txt,corpus,Middle Period,extispicy omens,7,False
VAT.11445.txt,corpus,Middle Period,extispicy omens,7,False
VAT.12215.txt,corpus,Middle Period,extispicy omens,7,False
VAT.17061.txt,corpus,Middle Period,extispicy omens,12,False
VAT.8710.txt,corpus,Middle Period,extispicy omens,61,False
VAT.9570.txt,corpus,Middle Period,extispicy omens,19,False
VAT.9577.txt,corpus,Middle Period,extispicy omens,18,False
VAT.9600.txt,corpus,Middle Period,extispicy omens,12,False
Ankara-10605.txt,corpus,Middle Period,izbu omens,1,False
Bogh-1959-56.txt,corpus,Middle Period,izbu omens,4,False
KUB29-12.txt,corpus,Middle Period,izbu omens,1,False
KUB37-183.txt,corpus,Middle Period,izbu omens,4,False
KUB37-184.txt,corpus,Middle Period,izbu omens,5,False
KUB37-185.txt,corpus,Middle Period,izbu omens,1,False
KUB37-188.txt,corpus,Middle Period,izbu omens,1,False
KUB4-67.txt,corpus,Middle Period,izbu omens,1,False
Suse.XII-4.txt,corpus,Middle Period,izbu omens,71,False
Suse.XII-6.txt,corpus,Middle Period,izbu omens,28,False
UM.29-16-194.txt,corpus,Middle Period,izbu omens,21,False
VAT.17080.txt,corpus,Middle Period,izbu omens,20,False
VAT.17259.txt,corpus,Middle Period,izbu omens,15,False
VAT.9908.txt,corpus,Middle Period,izbu omens,18,False
BM.108874.txt,corpus,Middle Period,terrestrial omens,25,False
KBo.36.47.txt,corpus,Middle Period,terrestrial omens,13,False
VAT.10167.txt,corpus,Middle Period,terrestrial omens,105,False
VAT.10362.txt,corpus,Middle Period,terrestrial omens,10,False
VAT.10504.txt,corpus,Middle Period,terrestrial omens,45,False
VAT.10523.txt,corpus,Middle Period,terrestrial omens,66,False
VAT.10526.txt,corpus,Middle Period,terrestrial omens,17,False
VAT.10805.txt,corpus,Middle Period,terrestrial omens,8,False
VAT.10821.txt,corpus,Middle Period,terrestrial omens,1,False
VAT.10849.txt,corpus,Middle Period,terrestrial omens,4,False
VAT.11154.txt,corpus,Middle Period,terrestrial omens,8,False
VAT.11192.txt,corpus,Middle Period,terrestrial omens,6,False
VAT.12041.txt,corpus,Middle Period,terrestrial omens,1,False
VAT.13802.txt,corpus,Middle Period,terrestrial omens,17,False
VAT.13804.txt,corpus,Middle Period,terrestrial omens,17,False
VAT.9900.txt,corpus,Middle Period,terrestrial omens,36,False
VAT.9906.txt,corpus,Middle Period,terrestrial omens,39,False
EAE20.RecA.txt,corpus,Neo Period,astrological omens,26,False
EAE20.RecB.txt,corpus,Neo Period,astrological omens,15,False
EAE21.RecA.txt,corpus,Neo Period,astrological omens,105,False
EAE21.RecB.txt,corpus,Neo Period,astrological omens,8,False
EAE22.RecA.txt,corpus,Neo Period,astrological omens,61,False
EAE55.eBL.txt,corpus,Neo Period,astrological omens,110,False
EAE57.eBL.txt,corpus,Neo Period,astrological omens,121,False
IM.124485.txt,corpus,Neo Period,astrological omens,7,False
AO.6682.txt,corpus,Neo Period,diagnostic omens,83,False
BM.33424.txt,corpus,Neo Period,diagnostic omens,56,False
BM.34435.txt,corpus,Neo Period,diagnostic omens,4,False
BM.38489.txt,corpus,Neo Period,diagnostic omens,38,False
BM.38637.txt,corpus,Neo Period,diagnostic omens,23,False
BM.38655.txt,corpus,Neo Period,diagnostic omens,24,False
BM.42502.txt,corpus,Neo Period,diagnostic omens,9,False
BM.42970.txt,corpus,Neo Period,diagnostic omens,13,False
BM.60744.txt,corpus,Neo Period,diagnostic omens,34,False
K.2006.txt,corpus,Neo Period,diagnostic omens,183,False
K.2723.txt,corpus,Neo Period,diagnostic omens,122,False
LKU.65.txt,corpus,Neo Period,diagnostic omens,8,False
LKU.77.txt,corpus,Neo Period,diagnostic omens,27,False
MLC.2639.txt,corpus,Neo Period,diagnostic omens,97,False
ND.4405.txt,corpus,Neo Period,diagnostic omens,14,False
VAT.14522.txt,corpus,Neo Period,diagnostic omens,13,False
VAT.14540.txt,corpus,Neo Period,diagnostic omens,35,False
VAT.14541.txt,corpus,Neo Period,diagnostic omens,16,False
VAT.14542.txt,corpus,Neo Period,diagnostic omens,12,False
VAT.14543.txt,corpus,Neo Period,diagnostic omens,8,False
VAT.14545.txt,corpus,Neo Period,diagnostic omens,9,False
VAT.14547.txt,corpus,Neo Period,diagnostic omens,13,False
VAT.14548.txt,corpus,Neo Period,diagnostic omens,8,False
VAT.14550.txt,corpus,Neo Period,diagnostic omens,16,False
VAT.14553.txt,corpus,Neo Period,diagnostic omens,17,False
VAT.14556.txt,corpus,Neo Period,diagnostic omens,12,False
VAT.14567.txt,corpus,Neo Period,diagnostic omens,32,False
VAT.303.txt,corpus,Neo Period,diagnostic omens,151,False
W.17360ac.txt,corpus,Neo Period,diagnostic omens,9,False
W.17360c.txt,corpus,Neo Period,diagnostic omens,10,False
W.17360o.txt,corpus,Neo Period,diagnostic omens,9,False
W.22761.txt,corpus,Neo Period,diagnostic omens,68,False
AO.6453.txt,corpus,Neo Period,extispicy omens,82,False
IM.132510.txt,corpus,Neo Period,extispicy omens,79,False
IM.65065.txt,corpus,Neo Period,extispicy omens,23,False
K.3671.txt,corpus,Neo Period,extispicy omens,79,False
K.3786.txt,corpus,Neo Period,extispicy omens,17,False
K.4088.txt,corpus,Neo Period,extispicy omens,17,False
K.7997.txt,corpus,Neo Period,extispicy omens,3,False
K.8690.txt,corpus,Neo Period,extispicy omens,28,False
K.9460.txt,corpus,Neo Period,extispicy omens,3,False
Rm.620.txt,corpus,Neo Period,extispicy omens,3,False
Szumma-hasu-DeZorzi.txt,corpus,Neo Period,extispicy omens,8,False
VAT.10675.txt,corpus,Neo Period,extispicy omens,20,False
VAT.11001.txt,corpus,Neo Period,extispicy omens,27,False
VAT.11025.txt,corpus,Neo Period,extispicy omens,16,False
VAT.13803.txt,corpus,Neo Period,extispicy omens,102,False
VAT.8611.txt,corpus,Neo Period,extispicy omens,27,False
BM.33793.txt,corpus,Neo Period,izbu omens,29,False
BM.52728.txt,corpus,Neo Period,izbu omens,10,False
K.131.txt,corpus,Neo Period,izbu omens,89,False
K.2242.txt,corpus,Neo Period,izbu omens,35,False
K.3688.txt,corpus,Neo Period,izbu omens,130,False
K.3695.txt,corpus,Neo Period,izbu omens,28,False
K.4031.txt,corpus,Neo Period,izbu omens,32,False
K.8806.txt,corpus,Neo Period,izbu omens,17,False
Sm.502.txt,corpus,Neo Period,izbu omens,27,False
W.23271.txt,corpus,Neo Period,izbu omens,171,False
W.23272.txt,corpus,Neo Period,izbu omens,128,False
K.6278.txt,corpus,Neo Period,terrestrial omens,25,False
SummaAlu.01.txt,corpus,Neo Period,terrestrial omens,213,False
SummaAlu.103.txt,corpus,Neo Period,terrestrial omens,32,False
SummaAlu.22.txt,corpus,Neo Period,terrestrial omens,92,False
SummaAlu.23.txt,corpus,Neo Period,terrestrial omens,116,False
SummaAlu.24.txt,corpus,Neo Period,terrestrial omens,60,False
SummaAlu.32-Assur.txt,corpus,Neo Period,terrestrial omens,119,False
SummaAlu.32-Nineveh.txt,corpus,Neo Period,terrestrial omens,82,False
SummaAlu.32-Sultantepe.txt,corpus,Neo Period,terrestrial omens,79,False
SummaAlu.33.txt,corpus,Neo Period,terrestrial omens,119,False
SummaAlu.84.txt,corpus,Neo Period,terrestrial omens,101,False
neo-babylonian-text.txt,corpus,Neo Period,terrestrial omens,2,False
BM.109154.txt,corpus,Old Period,astrological omens,27,False
BM.16775.txt,corpus,Old Period,astrological omens,9,False
BM.22696.txt,corpus,Old Period,astrological omens,74,False
BM.86381.txt,corpus,Old Period,astrological omens,66,False
MS.3117.txt,corpus,Old Period,astrological omens,65,False
MS.3118.txt,corpus,Old Period,astrological omens,45,False
LB.2126.txt,corpus,Old Period,diagnostic omens,9,False
MS.2670.txt,corpus,Old Period,diagnostic omens,24,False
BM.12875.txt,corpus,Old Period,extispicy omens,7,False
MS.2225.txt,corpus,Old Period,extispicy omens,11,False
MS.2796.txt,corpus,Old Period,extispicy omens,11,False
MS.3078.txt,corpus,Old Period,extispicy omens,9,False
MS.3295-martu.txt,corpus,Old Period,extispicy omens,20,False
MS.3295-naplastu.txt,corpus,Old Period,extispicy omens,11,False
YBC.11004.txt,corpus,Old Period,extispicy omens,1,False
YBC.11129.txt,corpus,Old Period,extispicy omens,1,False
YBC.4627.txt,corpus,Old Period,extispicy omens,26,False
YBC.4628.txt,corpus,Old Period,extispicy omens,80,False
YBC.4639-naplastu.txt,corpus,Old Period,extispicy omens,4,False
YBC.4639-padanu.txt,corpus,Old Period,extispicy omens,6,False
YBC.5078.txt,corpus,Old Period,extispicy omens,1,False
MS.1806.txt,corpus,Old Period,izbu omens,4,False
MS.2797.txt,corpus,Old Period,izbu omens,6,False
MS.3000.txt,corpus,Old Period,izbu omens,69,False
YOS10-12.txt,corpus,Old Period,izbu omens,2,False
YOS10-56.txt,corpus,Old Period,izbu omens,53,False
MS.1805.txt,corpus,Old Period,terrestrial omens,8,False
MS.3104.txt,corpus,Old Period,terrestrial omens,53,False
VAT.7525.txt,corpus,Old Period,terrestrial omens,59,False
KBo.8.6.txt,held-out,Middle Period,astrological omens,11,True
KAR.444-lung-model.txt,comparandum,Middle Period,extispicy model,39,True
A.120.txt,kal5,Middle Period,extispicy omens,82,True
A.2675.txt,kal5,Middle Period,extispicy omens,38,True
A.455.txt,kal5,Middle Period,extispicy omens,23,True
A.463.txt,kal5,Middle Period,extispicy omens,18,True
A.63.txt,kal5,Middle Period,extispicy omens,7,True
A.73.txt,kal5,Middle Period,extispicy omens,58,True
VAT.10114.txt,kal5,Middle Period,extispicy omens,92,True
VAT.10115.txt,kal5,Middle Period,extispicy omens,35,True
VAT.10156.txt,kal5,Middle Period,extispicy omens,41,True
VAT.10326.txt,kal5,Middle Period,extispicy omens,17,True
VAT.10355.txt,kal5,Middle Period,extispicy omens,27,True
VAT.10390.txt,kal5,Middle Period,extispicy omens,17,True
VAT.10428.txt,kal5,Middle Period,extispicy omens,20,True
VAT.10439.txt,kal5,Middle Period,extispicy omens,27,True
VAT.10513.txt,kal5,Middle Period,extispicy omens,102,True
VAT.10517.txt,kal5,Middle Period,extispicy omens,18,True
VAT.10532.txt,kal5,Middle Period,extispicy omens,32,True
VAT.10540.txt,kal5,Middle Period,extispicy omens,53,True
VAT.10666.txt,kal5,Middle Period,extispicy omens,18,True
VAT.10669.txt,kal5,Middle Period,extispicy omens,28,True
VAT.10678.txt,kal5,Middle Period,extispicy omens,28,True
VAT.10732.txt,kal5,Middle Period,extispicy omens,167,True
VAT.10751.txt,kal5,Middle Period,extispicy omens,53,True
VAT.10765.txt,kal5,Middle Period,extispicy omens,25,True
VAT.10868.txt,kal5,Middle Period,extispicy omens,47,True
VAT.10946.txt,kal5,Middle Period,extispicy omens,50,True
VAT.11003.txt,kal5,Middle Period,extispicy omens,22,True
VAT.11134.txt,kal5,Middle Period,extispicy omens,20,True
VAT.11315.txt,kal5,Middle Period,extispicy omens,14,True
VAT.11552.txt,kal5,Middle Period,extispicy omens,68,True
VAT.11615.txt,kal5,Middle Period,extispicy omens,11,True
VAT.11735.txt,kal5,Middle Period,extispicy omens,9,True
VAT.11871.txt,kal5,Middle Period,extispicy omens,10,True
VAT.12218.txt,kal5,Middle Period,extispicy omens,9,True
VAT.12247.txt,kal5,Middle Period,extispicy omens,11,True
VAT.12942.txt,kal5,Middle Period,extispicy omens,10,True
VAT.13795.txt,kal5,Middle Period,extispicy omens,20,True
VAT.13796.txt,kal5,Middle Period,extispicy omens,43,True
VAT.13797.txt,kal5,Middle Period,extispicy omens,78,True
VAT.13798.txt,kal5,Middle Period,extispicy omens,30,True
VAT.14321.txt,kal5,Middle Period,extispicy omens,14,True
VAT.14362.txt,kal5,Middle Period,extispicy omens,8,True
VAT.14363.txt,kal5,Middle Period,extispicy omens,12,True
VAT.9139.txt,kal5,Middle Period,extispicy omens,11,True
VAT.9353.txt,kal5,Middle Period,extispicy omens,19,True
VAT.9413.txt,kal5,Middle Period,extispicy omens,110,True
VAT.9468.txt,kal5,Middle Period,extispicy omens,7,True
VAT.9476.txt,kal5,Middle Period,extispicy omens,14,True
VAT.9488.txt,kal5,Middle Period,extispicy omens,41,True
VAT.9492.txt,kal5,Middle Period,extispicy omens,26,True
VAT.9512.txt,kal5,Middle Period,extispicy omens,41,True
VAT.9516.txt,kal5,Middle Period,extispicy omens,16,True
VAT.9518.txt,kal5,Middle Period,extispicy omens,48,True
VAT.9560.txt,kal5,Middle Period,extispicy omens,5,True
VAT.9580.txt,kal5,Middle Period,extispicy omens,65,True
VAT.9599.txt,kal5,Middle Period,extispicy omens,20,True
VAT.9603.txt,kal5,Middle Period,extispicy omens,16,True
VAT.9883.txt,kal5,Middle Period,extispicy omens,12,True
VAT.9949.txt,kal5,Middle Period,extispicy omens,62,True
VAT.9969.txt,kal5,Middle Period,extispicy omens,69,True
Hittite-izbu-Hattusa.txt,comparandum,Middle Period,izbu omens,6,True
Hurrian-izbu-Hattusa.txt,comparandum,Middle Period,izbu omens,6,True
Emar.VI.700.txt,held-out,Middle Period,terrestrial omens,7,True
VAT.11466.txt,held-out,Middle Period,terrestrial omens,4,True
VAT.9793.txt,held-out,Middle Period,terrestrial omens,18,True
K.3561.txt,held-out,Neo Period,astrological omens,13,True
Rm.267.txt,held-out,Neo Period,astrological omens,2,True
Sm.246.txt,held-out,Neo Period,astrological omens,3,True
K.778-eae15-eclipse.txt,comparandum,Neo Period,astrology (EAE 15 parallel),7,True
CTN4-60-lung-model.txt,comparandum,Neo Period,extispicy model,119,True
K.2858-liver-lung-model.txt,comparandum,Neo Period,extispicy model,75,True
A.449.txt,kal5,Neo Period,extispicy omens,19,True
VAT.10100.txt,kal5,Neo Period,extispicy omens,141,True
VAT.10369.txt,kal5,Neo Period,extispicy omens,13,True
VAT.10488.txt,kal5,Neo Period,extispicy omens,17,True
VAT.10757.txt,kal5,Neo Period,extispicy omens,15,True
VAT.10811.txt,kal5,Neo Period,extispicy omens,60,True
VAT.11007.txt,kal5,Neo Period,extispicy omens,20,True
VAT.11298.txt,kal5,Neo Period,extispicy omens,12,True
VAT.11324.txt,kal5,Neo Period,extispicy omens,10,True
VAT.11340.txt,kal5,Neo Period,extispicy omens,7,True
VAT.11748.txt,kal5,Neo Period,extispicy omens,7,True
VAT.11864.txt,kal5,Neo Period,extispicy omens,13,True
VAT.11908.txt,kal5,Neo Period,extispicy omens,11,True
VAT.12195.txt,kal5,Neo Period,extispicy omens,10,True
VAT.14206.txt,kal5,Neo Period,extispicy omens,11,True
VAT.14233.txt,kal5,Neo Period,extispicy omens,24,True
VAT.9934.txt,kal5,Neo Period,extispicy omens,421,True
VAT.9976.b.txt,kal5,Neo Period,extispicy omens,4,True
Maqlu-K.2385.txt,comparandum,Neo Period,incantation,119,True
Great-Prayer-to-Nabu-K.2361.txt,comparandum,Neo Period,prayer,184,True
MS.1807-bird-lecanomancy.txt,comparandum,Old Period,lecanomancy,7,True
